{
    "books":[

        {
            "id":"1",
            "bname":"Pride and Prejudice",
            "bauthor":"Elizabeth Bennet",
            "bprice":"1500"
        },
        {
            "id":"2",
            "bname":"The Great Gatsby",
            "bauthor":"F. Scott",
            "bprice":"1200"
        },
        {
            "id":"3",
            "bname":"To Kill a Mockingbird",
            "bauthor":"Harper Lee",
            "bprice":"1250"
        },
        {
            "id":"4",
            "bname":"Don Quixote",
            "bauthor":"Miguel de Cervantes",
            "bprice":"900"
        },
        {
            "id":"5",
            "bname":"Frankenstein",
            "bauthor":"Mary Shelley",
            "bprice":"800"
        },
        {
            "id":"6",
            "bname":"Moby-Dick",
            "bauthor":"Herman Melville",
            "bprice":"2000"
        },
        {
            "id":"7",
            "bname":"One Hundred Years of Solitude",
            "bauthor":"Gabriel García Márquez",
            "bprice":"1400"
        },
        {
            "id":"8",
            "bname":"Anna Karenina",
            "bauthor":"Leo Tolstoy",
            "bprice":"1300"
        },
        {
            "id":"9",
            "bname":"Jane Eyre",
            "bauthor":"Charlotte Brontë",
            "bprice":"1560"
        },
        {
            "id":"10",
            "bname":"Little Women",
            "bauthor":"Louisa May Alcott",
            "bprice":"1100"
        }
    ]
}